{"Divergence of Residual Gradient":16.508970260620117,"_timestamp":1.7371918600079167e+09,"_runtime":7.4930882,"_step":0,"_wandb":{"runtime":7},"Divergence of Update Gradient":15.302536010742188,"Divergence of Perturb Gradient":14.215079307556152,"Divergence of Surrogate Gradient":1.7748428583145142}