{"_step":100,"test loss":0.04644436342641711,"_wandb":{"runtime":2223},"test acc.":98.55000000000001,"val loss":0.035778981447219846,"val acc":98.85833333333333,"_timestamp":1.737302019275274e+09,"_runtime":2223.6571989}