{"test loss":1.9086841511878239,"_wandb":{"runtime":433},"test acc.":26.779999999999998,"val loss":1.7902966283261776,"val acc":36.019999999999996,"_timestamp":1.7378079604455383e+09,"_runtime":433.184652,"_step":100}