{"val loss":1.7887666702270508,"val acc":37.24,"_timestamp":1.7378091428475387e+09,"_runtime":440.4772035,"_step":100,"test loss":1.9091166083220463,"test acc.":26.479999999999997,"_wandb":{"runtime":440}}