{"test acc.":10,"test top eigen":[0.8430505394935608],"Divergence of Surrogate Gradient":1.962753176689148,"train trace":8.521934866905212,"test trace":6.711536634536016,"Divergence of Update Gradient":22.466094970703125,"_step":2,"_runtime":415.119934,"Divergence of Residual Gradient":21.271339416503906,"test loss":2.3858574530121626,"val acc":19.22,"_timestamp":1.7371950529143126e+09,"Divergence of Perturb Gradient":23.74469566345215,"val loss":2.201795148849487,"train top eigen":[1.7988885641098022],"_wandb":{"runtime":415}}