{"_runtime":515.533046,"Div of Perturb":0.7904116809368134,"_step":100,"Norm ov of Update and Perturb":0.925665524114596,"_wandb":{"runtime":515},"Std of Residual Sample":0.605309069337551,"test acc.":43.24,"Abs ov of Update and Perturb":1.7341864466667176,"_timestamp":1.7375351409254675e+09,"Div of Update":0.9493129134178162,"Cov of Update and Perturb":-1.7341864466667176,"Mean of Residual Sample":5.4831063041687,"val acc":41.32000000000001,"val loss":1.616959246248007,"Div of Perturb standard":1.1390020345169583,"Std of Residual Client":0.4728121143075265,"Div of Update standard":1.60773536311066,"Mean of Residual Client":2.1611334085464478,"test loss":1.5595992173358892}