{"Abs ov of Update and Perturb":0.22648107670247555,"Div of Perturb":0.6932566672563553,"_wandb":{"runtime":552},"Mean of Residual Sample":4.073504937267304,"Norm ov of Update and Perturb":0.9225468395250896,"val acc":36.4,"Mean of Residual Client":1.4074997067451478,"Std of Residual Client":0.2830645566933902,"_runtime":552.7660981,"Cov of Update and Perturb":0.18921842910349368,"_step":100,"Div of Update":1.3291297674179077,"test loss":1.907455381314466,"test acc.":26.650000000000002,"val loss":1.7915466517210006,"Std of Residual Sample":1.4748233446895045,"_timestamp":1.7375151601986134e+09}