{"_timestamp":1.7372642286941352e+09,"val acc":85.41666666666667,"_wandb":{"runtime":191},"val loss":0.39682089239358903,"_runtime":191.590132,"Divergence of Normalized Residual":0.24031664059416769,"test loss":0.4701991081237793,"_step":64,"test acc.":82.43}