{"val acc":52.98833333333334,"_timestamp":1.7373651171802418e+09,"_runtime":93.3061641,"_step":3,"test loss":1.4167056560516358,"_wandb":{"runtime":93},"test acc.":54.05,"val loss":1.4220545887947083}