{"Divergence of Surrogate Gradient":1.9939231872558594,"Divergence of Residual Gradient":20.117103576660156,"_timestamp":1.7371923299944732e+09,"_runtime":7.1471937,"_step":0,"Divergence of Update Gradient":18.635690689086914,"_wandb":{"runtime":7},"Divergence of Perturb Gradient":17.25749969482422}