{"_runtime":14.2989031,"_wandb":{"runtime":14},"_step":0,"Divergence of Update Gradient":15.300434112548828,"Divergence of Perturb Gradient":14.338679313659668,"Divergence of Surrogate Gradient":1.6985547542572021,"Divergence of Residual Gradient":16.385696411132812,"_timestamp":1.7371919880671906e+09}