{"Norm of Residual Gradient":0.37780705094337463,"_timestamp":1.7371694660363548e+09,"test top eigen":[6.344025135040283],"test acc.":17.2,"val loss":2.5894500732421877,"Divergence of Residual Gradient":270721.0868422687,"Divergence of Update Gradient":3.145208865404129,"Norm of Perturb Gradient":0.4382745921611786,"_runtime":244.4747843,"val acc":17.745,"train top eigen":[6.205208778381348],"Norm of Update Gradient":0.4070998728275299,"train trace":99.75516019084237,"Divergence of Perturb Gradient":3.3760882318019867,"_step":0,"Norm of Surrogate Gradient":0.04100124537944794,"test loss":2.6061587810516356,"_wandb":{"runtime":244},"test trace":101.29657374176324,"Divergence of Surrogate Gradient":0.3468805607408285}