{"_runtime":495.7278924,"_step":100,"test loss":1.9110765085098849,"_wandb":{"runtime":495},"test acc.":26.490000000000002,"val loss":1.7856304191052914,"val acc":37.68,"_timestamp":1.7378113944325533e+09}