{"test loss":1.9406966062108422,"test acc.":25.82,"val loss":1.8139900233596564,"val acc":35.699999999999996,"_timestamp":1.737381457995767e+09,"_runtime":468.6051539,"_step":100,"_wandb":{"runtime":468}}