{"val acc":37.42,"_timestamp":1.7378096948437934e+09,"_runtime":511.7140834,"_step":100,"_wandb":{"runtime":511},"test loss":1.906857189858795,"test acc.":26.590000000000003,"val loss":1.7771548952907323}