{"_runtime":193.1746391,"_step":39,"test loss":2.2155084139222554,"test acc.":18.22,"val loss":2.0984707847237587,"val acc":27.62,"_wandb":{"runtime":193},"_timestamp":1.7378120595311968e+09}