{"val acc":17.960000000000004,"test loss":2.3016451164415686,"train trace":6.036790254536797,"_timestamp":1.7371929419119406e+09,"val loss":2.2674690678715708,"Divergence of Perturb Gradient":24.331905364990234,"Divergence of Residual Gradient":25.856260299682617,"test trace":5.549714262095781,"Divergence of Surrogate Gradient":1.501202940940857,"Divergence of Update Gradient":25.056838989257812,"_runtime":217.9441543,"test top eigen":[0.8404593467712402],"_step":1,"test acc.":11.67,"_wandb":{"runtime":217},"train top eigen":[2.6275746822357178]}