{"val acc":72.83333333333333,"test loss":1.1561502933502197,"_wandb":{"runtime":59},"_runtime":59.4024726,"_step":18,"_timestamp":1.7372646463155105e+09,"test acc.":60.67,"val loss":0.9460904181003571,"Divergence of Residual":11.007448196411133}