{"_wandb":{"runtime":308},"_runtime":308.8088771,"_step":11,"train top eigen":[8.74631118774414],"train trace":45.013941928744316,"test top eigen":[6.004202842712402],"test trace":82.46836787775943,"_timestamp":1.7371983567031612e+09}