{"_runtime":466.5147763,"_step":100,"test loss":1.9405047210158817,"test acc.":25.91,"_wandb":{"runtime":466},"val loss":1.8113881822675466,"val acc":36.1,"_timestamp":1.7373821306584375e+09}