{"_timestamp":1.7371859933986197e+09,"Divergence of Update Gradient":909.7739334106445,"Divergence of Residual Gradient":2.6839340473644257e+07,"Norm of Residual Gradient":37.483924865722656,"Divergence of Surrogate Gradient":43.455166816711426,"Norm of Update Gradient":39.09502410888672,"_step":0,"_wandb":{"runtime":634},"_runtime":634.914029,"Divergence of Perturb Gradient":947.7046737670898,"Norm of Surrogate Gradient":1.7229994535446167,"Norm of Perturb Gradient":40.71528244018555}