{"val loss":2.1533922433853148,"_wandb":{"runtime":58},"val acc":28.151666666666664,"_timestamp":1.737308469393811e+09,"_runtime":58.7581002,"_step":1,"test loss":2.1588104724884034,"test acc.":28.43}