{"Div of Update standard":9.073728623937505,"Std of Residual Sample":1.2605561338321873,"Norm ov of Update and Perturb":0.40066416838476987,"val loss":1.514147236198187,"val acc":44.46,"_step":100,"Mean of Residual Sample":1.7993674375195057,"_runtime":581.9676402,"_wandb":{"runtime":581},"test loss":3.4329494124005553,"Std of Residual Client":0.4108032698523468,"Div of Perturb":0.2960325539112091,"test acc.":18.63,"Cov of Update and Perturb":27.425133323669435,"Div of Perturb standard":4.044975225392377,"Div of Update":1.409172421693802,"_timestamp":1.7375338638295653e+09,"Mean of Residual Client":1.1991828322410583,"Abs ov of Update and Perturb":27.425133323669435}