{"_timestamp":1.7378673564639838e+09,"_runtime":459.3181649,"_step":100,"test loss":1.907893114788517,"_wandb":{"runtime":459},"test acc.":26.55,"val loss":1.7824380718171597,"val acc":37.099999999999994}