{"_timestamp":1.737191940998676e+09,"_wandb":{"runtime":7},"_runtime":7.2621993,"_step":0,"Divergence of Update Gradient":16.4679012298584,"Divergence of Perturb Gradient":15.318191528320312,"Divergence of Surrogate Gradient":1.7580897808074951,"Divergence of Residual Gradient":17.719161987304688}