{"test loss":1.981400643943981,"test acc.":24.09,"_wandb":{"runtime":450},"val loss":1.8508387193083764,"val acc":34.94,"_timestamp":1.737382754455072e+09,"_runtime":450.1518035,"_step":100}