{"test acc.":32.42,"_wandb":{"runtime":425},"val loss":1.5850730702280997,"val acc":42.94,"_timestamp":1.737630780997067e+09,"_runtime":425.4545404,"_step":100,"test loss":2.1157760726418466}