{"Norm of Update Gradient":305.3255920410156,"_timestamp":1.7371706171806574e+09,"Divergence of Surrogate Gradient":15.536266565322876,"_wandb":{"runtime":329},"test acc.":4.34,"Norm of Surrogate Gradient":0.9854943156242371,"Divergence of Residual Gradient":2.207312524355774e+08,"Divergence of Update Gradient":3207.7035522460938,"val acc":4.1466666666666665,"Norm of Perturb Gradient":306.0799560546875,"train top eigen":[6.2052083015441895],"Divergence of Perturb Gradient":3221.4207153320312,"_runtime":329.001516,"val loss":2.3218192577362062,"train trace":99.75518211993304,"Norm of Residual Gradient":304.5725402832031,"test trace":101.29657329297534,"_step":0,"test loss":2.323250150680542,"test top eigen":[6.344025611877441]}