{"val acc":37.220000000000006,"_timestamp":1.737808523550648e+09,"_runtime":477.2485252,"_step":100,"test loss":1.90778763582752,"test acc.":26.6,"_wandb":{"runtime":477},"val loss":1.7848640441894532}