{"test acc.":16.5,"val loss":1.9726376578211784,"val acc":25.86,"_timestamp":1.7378074095634549e+09,"_runtime":70.4589361,"_step":12,"_wandb":{"runtime":70},"test loss":2.4828805650115773}