{"val loss":2.04891697242856,"_wandb":{"runtime":123},"val acc":28.819999999999997,"_timestamp":1.7378140682244303e+09,"_runtime":123.4448869,"_step":25,"test loss":2.1667347698454646,"test acc.":19.220000000000002}