{"val acc":36.986666666666665,"_timestamp":1.7373085564696977e+09,"_runtime":78.6604747,"_step":2,"test loss":1.9096437454223634,"_wandb":{"runtime":78},"test acc.":37.78,"val loss":1.9089094519615173}