{"test acc.":94.39999999999999,"val loss":0.05568381790071726,"val acc":98.43333333333334,"_wandb":{"runtime":272},"_timestamp":1.737287157841288e+09,"_runtime":272.6126966,"_step":67,"test loss":0.16693344041705133}