{"Std of Residual Client":0.2845544635954677,"Cov of Update and Perturb":4.615554904937744,"_runtime":536.4152913,"_wandb":{"runtime":536},"Mean of Residual Sample":4.075505620193481,"Abs ov of Update and Perturb":5.623276591300964,"Div of Update":1.327554965019226,"_timestamp":1.7375284472784734e+09,"val acc":36.82,"Div of Update standard":6.400009539954377,"Mean of Residual Client":1.4082766473293304,"Div of Perturb":0.696126514673233,"val loss":1.791493684798479,"_step":100,"Std of Residual Sample":1.4756614354621707,"Norm ov of Update and Perturb":0.925587561794351,"test loss":1.907938721073661,"test acc.":26.56,"Div of Perturb standard":3.533166291136851}