{"_runtime":185.2612268,"Norm of Surrogate Gradient":0.9874287247657776,"Divergence of Residual Gradient":2.2188534094735718e+08,"_wandb":{"runtime":185},"Norm of Residual Gradient":306.353515625,"_step":0,"Divergence of Perturb Gradient":3341.128173828125,"Norm of Perturb Gradient":307.8603515625,"Divergence of Surrogate Gradient":15.601153552532196,"Norm of Update Gradient":307.10626220703125,"_timestamp":1.7371702458177216e+09,"Divergence of Update Gradient":3327.459747314453}