{"test acc.":28.449999999999996,"val loss":1.7493815064430236,"val acc":38.3,"_timestamp":1.7373837439524565e+09,"_runtime":826.1619184,"_step":100,"test loss":1.886642523631928,"_wandb":{"runtime":826}}