{"_wandb":{"runtime":373},"val loss":0.03460805620998144,"val acc":98.96666666666667,"_timestamp":1.737288968220293e+09,"_runtime":373.056745,"_step":100,"test loss":0.0626284221187234,"test acc.":98.00999999999999}