{"Divergence of Update Gradient":17.897043228149414,"Divergence of Perturb Gradient":16.584056854248047,"_wandb":{"runtime":100},"Divergence of Surrogate Gradient":1.8483920097351074,"Divergence of Residual Gradient":19.29967498779297,"_timestamp":1.7371920426908e+09,"_runtime":100.175583,"_step":0}