{"_step":100,"test loss":2.0071461960008947,"test acc.":22.41,"val loss":1.766836205124855,"_wandb":{"runtime":521},"val acc":34.34,"_timestamp":1.7378706878527741e+09,"_runtime":521.1513751}