{"_timestamp":1.737190865892452e+09,"_wandb":{"runtime":14},"Norm of Surrogate Gradient":0.00020863025565631688,"Divergence of Perturb Gradient":16.185075759887695,"_step":0,"Norm of Perturb Gradient":0.0012551554245874286,"Norm of Update Gradient":0.0014390618307515979,"_runtime":14.0832843,"Norm of Residual Gradient":0.0016289374325424433,"Divergence of Update Gradient":17.363422393798828,"Divergence of Residual Gradient":18.647716522216797,"Divergence of Surrogate Gradient":1.8132202625274658}