{"_timestamp":1.7378668205292013e+09,"_runtime":648.6958366,"_step":100,"_wandb":{"runtime":648},"test loss":1.9077962431938025,"test acc.":26.5,"val loss":1.7842455934733152,"val acc":36.86}