{"Div of Update":1.6026333928108216,"Std of Residual Client":0.35923802185792486,"Div of Perturb standard":3.9611549553955285,"val acc":28.999999999999996,"Abs ov of Update and Perturb":21.037257766723634,"val loss":1.5761580072343349,"_wandb":{"runtime":495},"_runtime":495.3928146,"Cov of Update and Perturb":21.037257766723634,"Norm ov of Update and Perturb":0.38911479615025824,"Div of Perturb":0.24725000709295272,"Std of Residual Sample":0.3628347039853062,"_step":100,"Mean of Residual Client":1.37388733625412,"Div of Update standard":5.851865975932847,"test loss":4.612218527277564,"_timestamp":1.7375292312734294e+09,"test acc.":13.94,"Mean of Residual Sample":1.3907897686481476}