{"test loss":1.9507498779114645,"test acc.":23.849999999999998,"val loss":1.718165510892868,"_wandb":{"runtime":809},"val acc":36.199999999999996,"_timestamp":1.737871559079076e+09,"_runtime":809.9460475,"_step":100}