{"_runtime":21.4119754,"_step":0,"Divergence of Update Gradient":17.198566436767578,"Divergence of Perturb Gradient":15.962827682495117,"Divergence of Surrogate Gradient":1.8981637954711914,"Divergence of Residual Gradient":18.54470443725586,"_timestamp":1.7371933480524564e+09,"_wandb":{"runtime":21}}