{"Mean of Residual Client":1.3126996129751205,"Div of Update":1.3426700353622436,"_runtime":601.5020125,"Cov of Update and Perturb":4.873152410984039,"Div of Update standard":6.672465495997375,"val loss":1.5340505693107844,"Norm ov of Update and Perturb":0.7318895592319166,"_step":100,"Mean of Residual Sample":2.5192028389036656,"Std of Residual Sample":1.2530472969813908,"Std of Residual Client":0.5433019551016398,"val acc":45.08,"_wandb":{"runtime":601},"test acc.":21.68,"Div of Perturb standard":2.939425673173729,"test loss":3.0786557349429766,"Div of Perturb":0.5470847338438034,"_timestamp":1.7375345873381767e+09,"Abs ov of Update and Perturb":8.901098954677582}