{"_timestamp":1.7378652807837346e+09,"_runtime":532.6102787,"_step":100,"_wandb":{"runtime":532},"test loss":1.9027596195791936,"test acc.":27.07,"val loss":1.7781148552894592,"val acc":36.78}