{"Divergence of Perturb Gradient":3085.4671020507812,"Norm of Residual Gradient":310.773193359375,"_runtime":160.4406977,"Divergence of Residual Gradient":2.2506357047564697e+08,"_step":0,"_wandb":{"runtime":160},"Norm of Perturb Gradient":312.275634765625,"Norm of Surrogate Gradient":0.9848071336746216,"Norm of Update Gradient":311.5237731933594,"_timestamp":1.7371709817050097e+09,"Divergence of Update Gradient":3074.038070678711,"Divergence of Surrogate Gradient":13.373798966407776}