{"val loss":1.7796885956078767,"Div of Update":1.3289183616638183,"_runtime":541.3957381,"_step":100,"_wandb":{"runtime":541},"test loss":1.9081252479249504,"Mean of Residual Client":1.4084820091724395,"Cov of Update and Perturb":0.18921838104724883,"Div of Perturb standard":3.513867444486524,"test acc.":26.58,"Abs ov of Update and Perturb":0.22466067969799042,"Std of Residual Client":0.2798324448759923,"_timestamp":1.7375167423120208e+09,"val acc":36.74000000000001,"Mean of Residual Sample":4.072933841657639,"Div of Update standard":6.414817676004462,"Norm ov of Update and Perturb":0.9227949439230858,"Std of Residual Sample":1.4713230365579701,"Div of Perturb":0.693780705332756}