{"Divergence of Update Gradient":20.80095672607422,"_wandb":{"runtime":8},"Norm of Surrogate Gradient":0.00024045881582424045,"Divergence of Surrogate Gradient":2.1264595985412598,"_step":0,"Divergence of Residual Gradient":22.411659240722656,"Divergence of Perturb Gradient":19.295581817626953,"Norm of Perturb Gradient":0.0013554183533415198,"Norm of Residual Gradient":0.0018044494790956378,"_timestamp":1.7371912211013892e+09,"Norm of Update Gradient":0.0015775860520079732,"_runtime":8.4813014}