{"val loss":1.8179842568933964,"val acc":35.260000000000005,"_timestamp":1.7373853122281964e+09,"_runtime":1074.7874947,"_step":100,"_wandb":{"runtime":1074},"test loss":1.943558270764199,"test acc.":25.88}