{"_runtime":329.7528999,"test acc.":90.39,"Divergence of Update Gradient":7.37357759475708,"val loss":0.1923202458769083,"Divergence of Perturb Gradient":10.339017868041992,"_timestamp":1.7371995592866209e+09,"val acc":94.6,"test loss":0.3030659928917885,"_wandb":{"runtime":329},"Divergence of Surrogate Gradient":3.1539576053619385,"_step":100,"Divergence of Residual Gradient":4.693434238433838}