{"_runtime":80.550792,"_step":0,"Divergence of Update Gradient":18.211563110351562,"_wandb":{"runtime":80},"Divergence of Perturb Gradient":17.00952911376953,"Divergence of Surrogate Gradient":1.8286619186401367,"Divergence of Residual Gradient":19.513742446899414,"_timestamp":1.737191518320933e+09}