{"Norm of Residual Gradient":0.37160724401474,"Norm of Perturb Gradient":0.43125003576278687,"Norm of Surrogate Gradient":0.04423657804727554,"Norm of Update Gradient":0.40009674429893494,"_runtime":318.7776462,"_timestamp":1.7371713892262933e+09,"_wandb":{"runtime":318},"Divergence of Residual Gradient":267350.1017871201,"_step":0,"Divergence of Perturb Gradient":3.5513776242733,"Divergence of Surrogate Gradient":0.39806029945611954,"Divergence of Update Gradient":3.296182096004486}