{"test acc.":8.61,"val loss":2.3268679454922676,"val acc":4.3999999999999995,"_timestamp":1.7378639262261567e+09,"_wandb":{"runtime":23},"_runtime":23.2876172,"_step":3,"test loss":2.3050593904628873}