{"_timestamp":1.7375277783044086e+09,"Div of Update standard":3.9509614075073634,"Div of Perturb standard":3.044202036398061,"Mean of Residual Client":1.7807851254940033,"val acc":43.46,"Cov of Update and Perturb":-2.3946839213371276,"_step":100,"Mean of Residual Sample":4.891529525947571,"Div of Perturb":0.9863402426242829,"Div of Update":1.2795637369155883,"Std of Residual Sample":1.2739062534352783,"test loss":2.1150197884079756,"Std of Residual Client":0.6867930431922793,"_runtime":707.2918123,"Abs ov of Update and Perturb":4.684287345409393,"Norm ov of Update and Perturb":1.307945017408791,"val loss":1.5765329398214818,"_wandb":{"runtime":707},"test acc.":32.379999999999995}