{"val loss":2.2422047801315785,"_wandb":{"runtime":11},"val acc":19.22,"_timestamp":1.737863951291953e+09,"_runtime":11.8960894,"_step":0,"test loss":2.313427316155403,"test acc.":10}