{"_runtime":363.2410808,"val acc":93.60000000000002,"_step":100,"_wandb":{"runtime":363},"Divergence of Surrogate Gradient":3.0646986961364746,"Divergence of Update Gradient":7.609763145446777,"Divergence of Residual Gradient":5.0793890953063965,"_timestamp":1.7371991564134157e+09,"Divergence of Perturb Gradient":10.436989784240723,"test loss":0.2877942681312561,"val loss":0.23798302933573723,"test acc.":91.74}