{"_wandb":{"runtime":478},"val loss":1.7903516370803119,"val acc":36.559999999999995,"_timestamp":1.737393315617118e+09,"_runtime":478.8915654,"_step":100,"test loss":1.9040377481727844,"test acc.":26.88}