{"test acc.":26.6,"Mean of Residual Sample":4.0744551855564115,"Div of Update":1.3301811695098877,"Div of Perturb standard":3.527651204512156,"val loss":1.7793891917914153,"Std of Residual Client":0.28505260812691446,"Mean of Residual Client":1.4101320445537566,"_step":100,"Norm ov of Update and Perturb":0.9253112002018675,"_runtime":579.7041751,"Cov of Update and Perturb":4.609201335906983,"_timestamp":1.737517514989391e+09,"Div of Perturb":0.6946314066648483,"Abs ov of Update and Perturb":5.571673107147217,"val acc":36.78,"test loss":1.9077422725167243,"Std of Residual Sample":1.476471634645292,"Div of Update standard":6.415843470777374,"_wandb":{"runtime":579}}