{"val acc":95.73,"_timestamp":1.7372968845750556e+09,"_runtime":2575.5013152,"_step":100,"test loss":0.12716319188475608,"test acc.":95.76,"_wandb":{"runtime":2575},"val loss":0.1254655346274376}