{"Divergence of Surrogate Gradient":1.6191868782043457,"Divergence of Residual Gradient":15.901960372924805,"_timestamp":1.737191632555125e+09,"_runtime":98.5636245,"_wandb":{"runtime":98},"_step":0,"Divergence of Update Gradient":14.871017456054688,"Divergence of Perturb Gradient":13.956653594970703}