{"test loss":2.354086210773249,"test acc.":14.940000000000001,"_wandb":{"runtime":41},"val loss":2.2023141026496886,"val acc":27.040000000000003,"_timestamp":1.7371956882256482e+09,"_runtime":41.7129913,"_step":6}