{"_runtime":124.4127424,"_step":4,"test loss":1.3069029688835143,"test acc.":58.63,"_wandb":{"runtime":124},"val loss":1.301810473203659,"val acc":58.058333333333344,"_timestamp":1.7373649948099256e+09}