{"Divergence of Perturb Gradient":18.856414794921875,"Divergence of Surrogate Gradient":1.9992468357086182,"Divergence of Residual Gradient":21.73985481262207,"_timestamp":1.7371921508379478e+09,"_runtime":136.8160264,"_step":0,"_wandb":{"runtime":136},"Divergence of Update Gradient":20.248029708862305}