{"_wandb":{"runtime":105},"val acc":27.859999999999996,"_timestamp":1.737868763799574e+09,"_runtime":105.1256102,"_step":18,"test loss":2.217338753354018,"test acc.":17.39,"val loss":2.102016568183899}