{"_step":14,"test loss":0.5087179750204086,"test acc.":81.28999999999999,"val loss":0.5080011308193206,"val acc":81.21499999999999,"_timestamp":1.7373024553748128e+09,"_runtime":355.9944037,"_wandb":{"runtime":355}}