{"_timestamp":1.737868992692634e+09,"_runtime":178.242918,"_wandb":{"runtime":178},"_step":34,"test loss":2.1068046905432536,"test acc.":20.39,"val loss":1.969461987167597,"val acc":32.379999999999995}