{"_wandb":{"runtime":362},"Divergence of Residual Gradient":13.34617805480957,"_runtime":362.0119043,"val loss":1.8934306144714355,"_step":71,"val acc":33.839999999999996,"test loss":2.0170948725597113,"Divergence of Update Gradient":14.713455200195312,"Divergence of Perturb Gradient":16.5791015625,"_timestamp":1.7371960749254763e+09,"test acc.":22.96,"Divergence of Surrogate Gradient":3.2204694747924805}