{"_step":100,"test loss":1.907659016597043,"test acc.":26.540000000000003,"_wandb":{"runtime":492},"val loss":1.7827465586364268,"val acc":37.24,"_timestamp":1.7378679208939364e+09,"_runtime":492.4507476}