{"val acc":53.21666666666667,"_timestamp":1.737286505224009e+09,"_runtime":76.6953995,"_step":12,"test loss":1.26795996427536,"_wandb":{"runtime":76},"test acc.":56.43,"val loss":1.3353333234786988}