{"_step":100,"_wandb":{"runtime":477},"test loss":1.9033910225910746,"test acc.":26.979999999999997,"val loss":1.7876146905124188,"val acc":36.48,"_timestamp":1.737823945681316e+09,"_runtime":477.6958634}