{"test top eigen":[0.840459406375885],"test acc.":10,"_timestamp":1.737193750097631e+09,"Divergence of Surrogate Gradient":3.3182373046875,"Val:Max Acc.":19.22,"_step":100,"_wandb":{"runtime":353},"Val:std":0,"Divergence of Residual Gradient":13.050539016723633,"val acc":19.22,"train top eigen":[1.7930948734283447],"Divergence of Perturb Gradient":16.47034454345703,"_runtime":353.5757563,"val loss":2.255095678567886,"train trace":2.3586697536706924,"Eval:Avg Acc.":10,"test trace":6.818740661327656,"test loss":2.3081126152330143,"Divergence of Update Gradient":14.491588592529297,"Eval:std":0,"Val:Avg Acc.":19.22,"Eval:Max Acc.":10}