{"test loss":1.908391396710827,"Std of Residual Client":0.28053641338936175,"Div of Perturb":0.6943571418523788,"Div of Update":1.3280369758605957,"val acc":36.559999999999995,"_wandb":{"runtime":553},"Std of Residual Sample":1.4679897476367947,"Mean of Residual Sample":4.065786514139175,"Mean of Residual Client":1.4075303375720978,"_timestamp":1.73751365025736e+09,"_step":100,"_runtime":553.9226731,"Cov of Update and Perturb":0.18921846002340317,"val loss":1.7842172399163245,"test acc.":26.490000000000002}