{"Divergence of Perturb Gradient":14.683213233947754,"Divergence of Residual Gradient":17.097002029418945,"Norm of Residual Gradient":0.001331047504208982,"_runtime":7.0708365,"_step":0,"Norm of Perturb Gradient":0.0009385627345182002,"_timestamp":1.7371912559790878e+09,"Divergence of Update Gradient":15.836679458618164,"Norm of Update Gradient":0.0011335380841046572,"Divergence of Surrogate Gradient":1.775758147239685,"Norm of Surrogate Gradient":0.0002034326462307945,"_wandb":{"runtime":7}}