{"Divergence of Update Gradient":3297.2523651123047,"_timestamp":1.7371845238335774e+09,"Divergence of Perturb Gradient":3310.0864868164062,"Norm of Perturb Gradient":310.77423095703125,"Norm of Surrogate Gradient":0.9853416681289673,"_runtime":264.570428,"Divergence of Surrogate Gradient":14.415269792079926,"Norm of Update Gradient":310.02239990234375,"Divergence of Residual Gradient":2.239532325819702e+08,"_wandb":{"runtime":264},"Norm of Residual Gradient":309.2718811035156,"_step":0}