{"Divergence of Perturb Gradient":15.449816703796387,"Divergence of Residual Gradient":17.94076919555664,"_step":0,"Norm of Residual Gradient":0.0013623819686472416,"_wandb":{"runtime":18},"Norm of Update Gradient":0.0011582127772271633,"Divergence of Update Gradient":16.635801315307617,"Norm of Surrogate Gradient":0.00021676841424778104,"_runtime":18.4827011,"_timestamp":1.737191166188423e+09,"Norm of Perturb Gradient":0.0009595866431482136,"Divergence of Surrogate Gradient":1.8830914497375488}