{"_wandb":{"runtime":497},"_timestamp":1.7373923229636219e+09,"_runtime":497.8464768,"_step":100,"test loss":1.9080060067450164,"test acc.":26.57,"val loss":1.7830880880355835,"val acc":36.78}