{"Divergence of Update Gradient":2.977718010544777,"Divergence of Perturb Gradient":3.196508675813675,"Divergence of Surrogate Gradient":0.3494510743767023,"_runtime":329.2650922,"Norm of Residual Gradient":0.4149831533432007,"Norm of Perturb Gradient":0.4815616011619568,"Norm of Update Gradient":0.4464408755302429,"_step":0,"_wandb":{"runtime":329},"Divergence of Residual Gradient":298244.50381428003,"Norm of Surrogate Gradient":0.05241011083126068,"_timestamp":1.7371835372961836e+09}