{"_timestamp":1.7373871570810883e+09,"_wandb":{"runtime":570},"_runtime":570.4138342,"_step":100,"test loss":1.9370237178863234,"test acc.":25.91,"val loss":1.7977835729718208,"val acc":37.03999999999999}