{"Div of Perturb":0.3416248306632042,"_wandb":{"runtime":477},"val acc":28.4,"Div of Update standard":13.31507843363749,"Cov of Update and Perturb":27.8263370513916,"test acc.":18.8,"Abs ov of Update and Perturb":27.8263370513916,"Mean of Residual Client":1.4710851311683655,"Div of Perturb standard":3.530323126356581,"_timestamp":1.737529994384531e+09,"Mean of Residual Sample":2.32406326316148,"Norm ov of Update and Perturb":0.5309334678087982,"test loss":2.48847494307597,"Div of Update":1.6197514533996582,"val loss":1.9167637251317502,"Std of Residual Sample":2.03042399519852,"_runtime":477.5950437,"_step":100,"Std of Residual Client":0.1806952084260463}