{"test acc.":49.85,"val loss":1.002752497792244,"val acc":69.78333333333333,"_timestamp":1.737286572459472e+09,"_runtime":41.1228486,"_step":11,"test loss":1.44064359664917,"_wandb":{"runtime":41}}