{"val loss":1.7672788679599762,"val acc":38.10000000000001,"_timestamp":1.737813001039693e+09,"_runtime":447.3058775,"_step":100,"_wandb":{"runtime":447},"test loss":1.8872601864444223,"test acc.":27.51}