{"_runtime":419.9724161,"Norm of Residual Gradient":307.5451965332031,"Norm of Perturb Gradient":309.02093505859375,"Norm of Surrogate Gradient":0.9761396646499634,"Norm of Update Gradient":308.28240966796875,"_step":0,"Divergence of Perturb Gradient":2842.8978729248047,"Divergence of Residual Gradient":2.227337984055481e+08,"Divergence of Surrogate Gradient":14.451875567436218,"_wandb":{"runtime":419},"Divergence of Update Gradient":2830.2465057373047,"_timestamp":1.7371852601658518e+09}